oa_code,ps_code,name
GRFWS-00250,P00001779,薄世宁
GRFWS-00880,P00001794,陈朝
GRFWS-00507,P00001905,郑路
GRFWS-00927,P00001907,高爽
GRFWS-00758,P00001912,怀沙
GRFWS-00084,P00001913,孙轶飞
GRFWS-00101,P00001920,张潇雨
GRFWS-00016,P00001922,仇子龙
GRFWS-00346,P00001929,孙亚飞
GRFWS-01542,P00001942,罗纪峰
GRFWS-00399,P00001944,徐佳
GRFWS-00180,P00001956,汤涌
GRFWS-00400,P00002055,王勇
GRFWS-01390,P00002084,沈祖芸
GRFWS-00762,P00002089,刘玮
GRFWS-00126,P00002099,曲飞
GRFWS-00802,P00002172,王仲焘
GRFWS-00525,P00002184,赵辉
GRFWS-00763,P00002204,刘擎
GRFWS-00508,P00002232,陈焕然
GRFWS-00486,P00002242,黄昱宁
GRFWS-00182,P00002344,汪欲晓
GRFWS-00606,P00002347,李冬梅
GRFWS-00517,P00002378,曾旻
GRFWS-00490,P00002393,黄碧云
GRFWS-01195,P00002397,李松蔚
GRFWS-00917,P00002428,张龚明
GRFWS-00542,P00002431,刘亚茵
GRFWS-00696,P00002432,闪燕
GRFWS-00852,P00002433,朱宇聪
GRFWS-00768,P00002434,陈溶冰
GRFWS-00465,P00002435,李腾
GRFWS-00752,P00002436,赵晓兰
GRFWS-00485,P00002437,康妮
GRFWS-00426,P00002438,刘彩梅
GRFWS-00422,P00002439,崔翔宇
GRFWS-00780,P00002440,王小莲
GRFWS-00700,P00002441,陈泉柳
GRFWS-00559,P00002442,黄冬梅
GRFWS-00543,P00002443,万希润
GRFWS-00738,P00002444,王怡蕊
GRFWS-00866,P00002445,李玉新
GRFWS-00844,P00002446,王晓宁
GRFWS-00496,P00002447,韩雪梅
GRFWS-00854,P00002448,钟宜峰
GRFWS-00860,P00002449,李维阳
GRFWS-00735,P00002450,徐阳
GRFWS-01009,P00002451,卫燕
GRFWS-00821,P00002452,李骞
GRFWS-00809,P00002453,谢晓璐
GRFWS-00829,P00002454,李珣
GRFWS-01441,P00002455,穆熙双
GRFWS-00519,P00002456,孙艺谋
GRFWS-00537,P00002457,程珺
GRFWS-00657,P00002458,廖舒祺
GRFWS-00823,P00002459,汪子浩
GRFWS-00846,P00002460,李浩源
GRFWS-00480,P00002461,王昆
GRFWS-00403,P00002462,王琳
GRFWS-01315,P00002463,范蕙萍
GRFWS-00697,P00002464,杨中
GRFWS-00650,P00002465,张强
GRFWS-00705,P00002466,唐洁
GRFWS-00855,P00002467,廖浩天
GRFWS-00863,P00002468,李开周
GRFWS-00781,P00002469,任光辉
GRFWS-00386,P00002470,潘利华
GRFWS-00597,P00002471,周非非
GRFWS-00843,P00002472,叶晶
GRFWS-00868,P00002473,张冰
GRFWS-00718,P00002474,段丽霞
GRFWS-00572,P00002475,庄晓丹
GRFWS-00717,P00002476,李谦子
GRFWS-00669,P00002477,邱欣宇
GRFWS-00856,P00002478,陶磊
GRFWS-00723,P00002479,尹子成
GRFWS-01550,P00002480,费捷
GRFWS-00608,P00002481,那莎
GRFWS-00489,P00002482,崔彧
GRFWS-00720,P00002483,任雅君
GRFWS-00654,P00002484,王兴
GRFWS-00709,P00002485,刘洹
GRFWS-00782,P00002486,王文哲
GRFWS-00406,P00002487,刘佳
GRFWS-00708,P00002488,朱小钧
GRFWS-00746,P00002489,向海燕
GRFWS-00777,P00002490,陈振
GRFWS-00504,P00002491,李治中
GRFWS-00743,P00002492,闫涛
GRFWS-00753,P00002493,庄时利和
GRFWS-00677,P00002495,李小彤
GRFWS-00491,P00002496,温海墨
GRFWS-00676,P00002497,欧茜
GRFWS-00469,P00002498,刘徽
GRFWS-00869,P00002499,杨岚
GRFWS-00450,P00002500,杨明
GRFWS-00547,P00002501,董禹汐
GRFWS-00659,P00002502,邓稳
GRFWS-00530,P00002503,李真
GRFWS-00472,P00002504,宋海荣
GRFWS-00430,P00002505,张昕
GRFWS-00407,P00002506,肖璟
GRFWS-00733,P00002507,王敏
GRFWS-00652,P00002508,戈扬
GRFWS-00412,P00002509,马萍
GRFWS-00488,P00002510,Lan Ma
GRFWS-00744,P00002511,常亮
GRFWS-00756,P00002512,周玄毅
GRFWS-00380,P00002513,黄海
GRFWS-00499,P00002514,杨飞
GRFWS-00779,P00002515,何文峰
GRFWS-00847,P00002516,马宁
GRFWS-00864,P00002517,史文婷
GRFWS-00392,P00002518,杨斌
GRFWS-00601,P00002519,杨鑫
GRFWS-00703,P00002520,马文亚
GRFWS-00467,P00002521,姚颖
GRFWS-00503,P00002522,钟渝
GRFWS-00423,P00002523,池净
GRFWS-01012,P00002524,王非
GRFWS-00736,P00002525,陈德渊
GRFWS-00783,P00002526,李毅
GRFWS-00631,P00002527,雷啸光
GRFWS-00682,P00002528,陈旸
GRFWS-00794,P00002529,闫寒
GRFWS-00564,P00002530,许桐楷
GRFWS-00785,P00002531,朱杰亮
GRFWS-00425,P00002532,叶壮
GRFWS-00674,P00002533,郭幽圻
GRFWS-00675,P00002534,吴龙
GRFWS-00431,P00002535,马驰骋
GRFWS-00432,P00002536,谭苏洋
GRFWS-00695,P00002537,周昆
GRFWS-00699,P00002538,于叶舟
GRFWS-00873,P00002539,叶沛沅
GRFWS-00534,P00002540,周育楠
GRFWS-00748,P00002541,邱小刚
GRFWS-00737,P00002560,李超
GRFWS-00444,P00002563,苗炜
GRFWS-00922,P00002565,刘敏
GRFWS-00924,P00002566,朱贇
GRFWS-00672,P00002567,白洋
GRFWS-00929,P00002573,刘嘉
GRFWS-00807,P00002577,张蔚
GRFWS-00935,P00002583,姚雪霏
GRFWS-00939,P00002586,颜士钧
GRFWS-00877,P00002587,祝鑫
GRFWS-00915,P00002588,程广见
GRFWS-00842,P00002590,夏滨
GRFWS-00905,P00002591,刘雯君
GRFWS-00947,P00002593,伍洋
GRFWS-00948,P00002595,肖剑
GRFWS-00931,P00002599,李姗姗
GRFWS-00893,P00002600,池建强
GRFWS-00960,P00002609,索东旺
GRFWS-00963,P00002610,赵鹏
GRFWS-00965,P00002614,赵明月
GRFWS-01005,P00002615,刘帆
GRFWS-01008,P00002617,毕群
GRFWS-01236,P00002618,邵慧宁
GRFWS-01011,P00002619,张绮
GRFWS-00928,P00002624,毕烨
GRFWS-01017,P00002629,田雪
GRFWS-01040,P00002630,GAN ENG KEE
GRFWS-01425,P00002633,张九利
GRFWS-00551,P00002634,张亮
GRFWS-01443,P00002638,崔相年
GRFWS-01110,P00002639,金星
GRFWS-01046,P00002640,倪忆菁
GRFWS-01081,P00002649,熊睿
GRFWS-01077,P00002658,黄骏杰
GRFWS-01058,P00002660,林屹
GRFWS-01128,P00002662,杨小斌
GRFWS-01052,P00002668,刘鑫
GRFWS-01072,P00002669,郭丹
GRFWS-01108,P00002670,赵蓬
GRFWS-01151,P00002673,王钊
GRFWS-01089,P00002674,王笃年
GRFWS-01134,P00002675,黎建晖
GRFWS-01091,P00002676,张丽娟
GRFWS-01156,P00002683,董宏然
GRFWS-01401,P00002723,王峰
GRFWS-01300,P00002740,张志平
GRFWS-01549,P00002742,周莹
GRFWS-01131,P00002744,卫泓泰
GRFWS-01138,P00002745,周鹏飞
GRFWS-01152,P00002746,王新星
GRFWS-01135,P00002753,邹禹铭
GRFWS-01160,P00002756,王婷婷
GRFWS-01254,P00002757,卢珊
GRFWS-01190,P00002765,黄磊
GRFWS-01180,P00002766,种新超
GRFWS-01437,P00002768,葛鹏起
GRFWS-01177,P00002771,刘任琦
GRFWS-01279,P00002774,张宏艳
GRFWS-01186,P00002776,耿小武
GRFWS-01191,P00002779,房玉楼
GRFWS-01193,P00002780,马超
GRFWS-01247,P00002782,陶娟
GRFWS-01202,P00002783,单宁
GRFWS-01215,P00002785,刘欣
GRFWS-01200,P00002787,张瑞
GRFWS-01221,P00002788,姚朦
GRFWS-01203,P00002790,虎锐
GRFWS-01204,P00002792,汪博伦
GRFWS-01205,P00002793,杨晓明
GRFWS-01208,P00002794,刘琦
GRFWS-01206,P00002796,徐振雷
GRFWS-01244,P00002797,雷昌雄
GRFWS-01222,P00002803,秦炜
GRFWS-01213,P00002804,程文龙
GRFWS-01212,P00002806,周祺
GRFWS-01214,P00002807,钱美希
GRFWS-01220,P00002810,马骏杰
GRFWS-01216,P00002811,苏占领
GRFWS-01217,P00002812,薛连鹏
GRFWS-01207,P00002813,魏金林
GRFWS-01224,P00002815,付星
GRFWS-01227,P00002817,丁飞
GRFWS-01228,P00002819,卢润
GRFWS-01234,P00002822,刘成
GRFWS-01239,P00002825,高志彤
GRFWS-01237,P00002828,周朝海
GRFWS-01235,P00002829,罗翔
GRFWS-01266,P00002832,庞聪
GRFWS-01242,P00002833,赵虎
GRFWS-01256,P00002834,廖庆秋
GRFWS-01243,P00002835,张良关
GRFWS-01245,P00002836,汪静
GRFWS-01246,P00002837,陈汉生
GRFWS-01248,P00002838,高鹏
GRFWS-01257,P00002839,张奇峰
GRFWS-01252,P00002840,余海强
GRFWS-01249,P00002841,多格廷
GRFWS-01250,P00002842,司悦
GRFWS-01270,P00002843,姜肖
GRFWS-01262,P00002846,刘璐
GRFWS-01336,P00002847,朱国喜
GRFWS-01261,P00002848,邹晶晶
GRFWS-01259,P00002849,张玉豹
GRFWS-01260,P00002851,张彦
GRFWS-01268,P00002853,朱蒙娜
GRFWS-01269,P00002856,商冬冉
GRFWS-01334,P00002857,陈洁
GRFWS-01308,P00002859,曹文娟
GRFWS-01272,P00002860,陈东野
GRFWS-01276,P00002862,赵钰
GRFWS-01278,P00002864,胡孟
GRFWS-01280,P00002867,李晶
GRFWS-01283,P00002871,汪然
GRFWS-01286,P00002873,张春艳
GRFWS-01299,P00002878,孙宏燕
GRFWS-01298,P00002879,李敏
GRFWS-00874,P00002881,柳杨
GRFWS-01309,P00002883,苏双燕
GRFWS-00712,P00002886,张涛
GRFWS-01314,P00002893,陈姣
GRFWS-01316,P00002895,张艳
GRFWS-01323,P00002896,刘佳
GRFWS-01325,P00002900,张开源
GRFWS-01326,P00002901,唐可珉
GRFWS-01094,P00002903,曾力
GRFWS-00618,P00002906,宋聃
GRFWS-00619,P00002907,孙珺
GRFWS-01338,P00002908,陈琳
GRFWS-01130,P00002911,杨龙
GRFWS-00501,P00002915,唐甜甜
GRFWS-01342,P00002927,宋明
GRFWS-01341,P00002928,金北平
GRFWS-01181,P00002939,钟婉
GRFWS-00920,P00002947,田义钧
GRFWS-01253,P00002948,魏楚迪
GRFWS-01368,P00002961,葛钢
GRFWS-01385,P00002965,黄远帆
GRFWS-01449,P00002979,余周伟
GRFWS-01473,P00002988,赵挺
GRFWS-01494,P00003006,董鸿英
GRFWS-01477,P00003007,王雨童
GRFWS-01489,P00003008,陈子丰
GRFWS-01421,P00003009,王帅龙
GRFWS-01024,P00001936,华杉
GRFWS-01093,P00002827,张守春
GRFWS-00323,P00001805,靳大成
GRFWS-00349,P00001900,包刚升
GRFWS-01333,P00003013,王鼎杰
GRFWS-00296,P00001813,陆蓉
GRFWS-00678,P00001954,武志红
GRFWS-00284,P00001792,郝广才
GRFWS-00037,P00002395,刘守刚
GRFWS-01007,P00002736,吴晋江
GRFWS-00110,P00001946,徐瑾
GRFWS-00153,P00001780,李立玮
GRFWS-00859,P00001953,余婧
GRFWS-00663,P00002359,张明楷
GRFWS-01129,P00001926,刘晗
GRFWS-00466,P00001781,李筠
GRFWS-00861,P00002737,叶云燕
GRFWS-01084,P00002754,何刚
GRFWS-01513,P00002992,李睿
GRFWS-01267,P00002866,陈凯
GRFWS-01444,P00002752,张磊
GRFWS-01085,P00001887,张凯
GRFWS-00584,P00002571,衡量
GRFWS-01290,P00002950,崔东树
GRFWS-00109,P00001808,徐弃郁
GRFWS-00772,P00002575,段金玉
GRFWS-00397,P00001974,王太平
GRFWS-00688,P00002367,汪国玉
GRFWS-01293,P00002986,张笑宇
GRFWS-00878,P00002949,董梅
GRFWS-00955,P00002733,程智雄
GRFWS-00390,P00002391,饶胜文
GRFWS-00734,P00002644,刘晓蕾
GRFWS-00413,P00002396,郝连会
GRFWS-00622,P00002739,吴晶辰
GRFWS-01076,P00002876,刘琪
GRFWS-00879,P00002751,郑征
GRFWS-01410,P00002966,方希
GRFWS-00536,P00002572,王家伟
GRFWS-00790,P00001866,涂子沛
GRFWS-01389,P00002970,段涛
GRFWS-00867,P00002579,HSING YUAN TSAO
GRFWS-01170,P00002831,孟庆祥
GRFWS-00213,P00001820,王立铭
GRFWS-01014,P00002735,罗巍
GRFWS-00219,P00001909,田吉顺
GRFWS-01230,P00001896,李育辉
GRFWS-00691,P00002368,王喜刚
GRFWS-01384,P00001825,何帆
GRFWS-01161,P00001937,章敬平
GRFWS-00811,P00002738,刘文鹏
GRFWS-00492,P00001941,李丰
GRFWS-00713,P00002645,汪志谦
GRFWS-00662,P00001804,万维钢
GRFWS-00389,P00002581,李硕
GRFWS-00360,P00002166,张弛
GRFWS-00687,P00002365,梁棣
GRFWS-00839,P00001873,李斌
GRFWS-01543,P00003015,杨立新
GRFWS-00186,P00001951,浦寅
GRFWS-00348,P00001967,李忠秋
GRFWS-00930,P00001823,孙瑜
GRFWS-01450,P00001952,和鉴
GRFWS-00204,P00001955,王晓磊
GRFWS-00580,P00002068,王弘治
GRFWS-00498,P00002187,刘苏里
GRFWS-01255,P00002875,马寅
GRFWS-00791,P00001838,冯雪
GRFWS-01530,P00002995,巫慧芊
GRFWS-01070,P00001793,徐德芳
GRFWS-01799,P00001822,张泉灵
GRFWS-00583,P00001906,邢立达
GRFWS-02059,P00001916,王海
GRFWS-00581,P00001945,杨毅
GRFWS-00394,P00002046,戴焱淼
GRFWS-00497,P00002047,楼夷
GRFWS-00365,P00002058,李松
GRFWS-01845,P00002075,穆长春
GRFWS-00172,P00002091,梁宁
GRFWS-00484,P00002100,卢路
GRFWS-00424,P00002108,彭天放
GRFWS-00427,P00002112,翟尤
GRFWS-00522,P00002115,李铁夫
GRFWS-01545,P00002165,许怡然
GRFWS-00193,P00002171,王人博
GRFWS-00146,P00002183,李永晶
GRFWS-00569,P00002201,王小宁
GRFWS-00647,V00000201,田有臻
GRFWS-02054,P00002398,张力奋
GRFWS-02045,P00001874,王怜花
GRFWS-02042,P00001884,范冰
GRFWS-02041,P00001890,阮琦
GRFWS-01833,P00001935,徐志戎
GRFWS-01467,P00002985,杨懿晶
GRFWS-01307,P00001797,陈丹阳
GRFWS-01287,P00002868,邓炜
GRFWS-01285,P00002865,李玉花
GRFWS-01277,P00002863,田甜
GRFWS-01275,P00002861,李道伯
GRFWS-01274,P00002858,宋力
GRFWS-01240,P00002826,张博雅
GRFWS-01219,P00002814,董媛媛
GRFWS-01015,P00002734,王妮
GRFWS-00944,P00001925,张博然
GRFWS-00894,P00002750,张威华
GRFWS-00784,P00002494,刘强
GRFWS-00765,P00002597,王坤
GRFWS-00684,P00001983,许纪霖
GRFWS-00510,V00000065,孟醒
GRFWS-00428,P00001930,李翔
GRFWS-00395,P00002093,徐建国
GRFWS-00338,P00002064,高姝
GRFWS-00337,P00002177,骆玉明
GRFWS-00329,P00002079,颜杨
GRFWS-00302,P00002052,陈圣轩
GRFWS-00262,P00001976,赵凯
GRFWS-00228,P00001814,罗兰
GRFWS-00185,P00001830,沈雷
GRFWS-00169,P00002072,林欣浩
GRFWS-00163,P00001815,杨一芹
GRFWS-00061,P00001795,吴昌宇
GRFWS-00021,P00002051,代丽
GRFWS-00018,P00001844,付文超
GRFWS-00011,P00001855,丁建英
GRFWS-01576,V00000482,傅佩荣
GRFWS-01010,V00000398,周榕
GRFWS-00776,V00000477,赵敬
GRFWS-00693,V00000501,吴伯凡
GRFWS-00553,V00000487,杨颖
GRFWS-00524,V00000531,卓克
GRFWS-00518,V00000510,郑也夫
GRFWS-00447,V00000481,诸葛越
GRFWS-00342,V00000527,鲍鹏山
GRFWS-00312,V00000548,陈海贤
GRFWS-00279,V00000360,郑伟
GRFWS-00252,V00000430,薛兆丰
GRFWS-00211,V00000472,王烁
GRFWS-00178,V00000486,汤君健
GRFWS-00164,V00000474,杨佳川
GRFWS-00128,V00000512,朱一明
GRFWS-00125,V00000541,曲少云
GRFWS-00124,V00000359,曲凯
GRFWS-00120,V00000449,施展
GRFWS-00114,V00000497,戴愫
GRFWS-00106,V00000479,张遇升
GRFWS-00087,V00000529,宁向东
GRFWS-00055,V00000462,史长鑫
GRFWS-00013,V00000361,严伯钧
GRFWS-01583,P00003034,李作民
GRFWS-01811,P00001966,Xiaolusunhsi
GRFWS-00825,P00001965,TANGYA
GRFWS-00655,P00002213,徐凯文
GRFWS-00144,P00002200,李林
GRFWS-00704,P00002238,段云峰
GRFWS-00692,P00002228,陈去伪
QYFWS-00445,P00001796,惟思德（北京）管理咨询有限公司
QYFWS-00912,P00001901,广州牙医妈妈文化传播有限公司
QYFWS-00271,P00001960,北京晟世华睿咨询顾问有限公司
QYFWS-00395,P00001968,合肥特特文化传媒有限公司
QYFWS-00236,P00001977,北京展晖梦龙网络科技有限公司
QYFWS-00727,P00002054,桐乡市乌镇海贤心理咨询工作室
QYFWS-01431,P00002061,上海懋诺商务咨询有限公司
QYFWS-00448,P00002110,成都八光分文化传播有限公司
QYFWS-00755,P00002117,北京介甫文化传播有限公司
QYFWS-01006,P00002121,广州肌源健康管理有限公司
QYFWS-00488,P00002193,杭州绘读互动科技有限公司
QYFWS-01570,P00002373,咸宁攸乐读儿童语言发展工作室
QYFWS-01402,P00002394,北京盟邦咨询有限公司
QYFWS-01176,P00002413,北京思维树教育咨询有限公司
QYFWS-01330,P00002542,云南迎希文化传播有限公司
QYFWS-00814,P00002543,北京顾中一健康管理有限公司
QYFWS-01363,P00002544,香帅投资咨询（上海）有限责任公司
QYFWS-00232,P00002545,北京家医到医疗科技有限公司
QYFWS-00983,P00002546,一把钥匙（北京）科技有限公司
QYFWS-00895,P00002547,北京睿思博意管理咨询有限公司
QYFWS-01459,P00002548,轻装前行（北京）咨询有限公司
QYFWS-01550,P00002549,北京菜鸟无忧教育科技有限公司
QYFWS-01240,P00002550,山东全域医疗投资有限公司
QYFWS-01361,P00002551,北京唯道自在文化传媒有限公司
QYFWS-01283,P00002552,杭州虎头虎脑科技有限公司
QYFWS-01457,P00002553,上海菜妈钱宝健康管理咨询有限公司
QYFWS-01465,P00002554,西安灵动电子科技有限公司
QYFWS-01376,P00002555,新平逍遥企业管理咨询有限公司
QYFWS-00878,P00002556,上海琴萧教育科技有限公司
QYFWS-00930,P00002557,上海简七信息科技有限公司
QYFWS-01315,P00002558,造物者文化（北京）有限公司
QYFWS-00923,P00002559,北京学清教育科技有限公司
QYFWS-01639,P00002564,云影集（北京）文化传播有限公司
QYFWS-01605,P00002576,成都猫研所科技有限公司
QYFWS-02092,P00002582,北京绘本原创教育科技有限公司
QYFWS-00824,P00002596,上海柯学文化传播有限公司
QYFWS-01659,P00002601,发光体网络科技无锡有限公司
QYFWS-01693,P00002663,上海米存商务咨询工作室
QYFWS-02337,P00002763,广州市新成长教育科技有限公司
QYFWS-02336,P00002786,深圳市罗湖区老徐信息咨询工作室
QYFWS-02415,P00002795,深圳市习文企业管理顾问有限公司
QYFWS-02310,P00002904,信阳市羊山新区绘笔文化艺术工作室
QYFWS-00063,P00002913,上海禾季文化传播有限公司
QYFWS-02104,P00002926,绍兴吼浪文化传媒有限公司
QYFWS-00054,V00000410,上海润宜企业管理咨询中心（有限合伙）
QYFWS-01591,P00001846,浙江人民出版社有限公司
QYFWS-01442,P00002942,阿里巴巴（中国）网络技术有限公司
QYFWS-03632,P00001891,悦读名品文化传媒（北京）有限公司
QYFWS-03454,P00003035,北京湛庐展读科技有限责任公司
QYFWS-00088,V00000461,中华书局有限公司
QYFWS-01770,P00002943,贝壳找房（北京）科技有限公司
QYFWS-02340,P00002971,伊的咨询（北京）有限公司
QYFWS-02778,P00002930,奥思创文化传媒（北京）有限公司
QYFWS-01519,P00002382,中国摄影出版传媒有限责任公司
QYFWS-01996,P00001854,北京百科在线网络出版有限公司
QYFWS-02624,V10000002,北京思维造物信息科技股份有限公司
QYFWS-01630,P00002580,宿豫区彩筠之南文化创意工作室
QYFWS-00405,V00000502,复旦大学出版社有限公司
QYFWS-00555,V00000536,湖南岳麓书社有限责任公司
QYFWS-01013,P00001985,青豆说（北京）教育科技有限公司
QYFWS-00056,P00001826,上海湑仁教育科技中心（有限合伙）
QYFWS-00098,V00000434,中国社会科学出版社
QYFWS-01455,V00000500,北京时代华文书局有限公司
QYFWS-03465,P00003029,北京大鱼互动文化发展有限公司
QYFWS-02734,P00002917,上海世纪出版股份有限公司上海书店出版社
QYFWS-02163,P00001940,重庆大学电子音像出版社有限公司
QYFWS-03652,V00000465,人民日报出版社有限责任公司
QYFWS-01055,P00002094,杭州沧浪健康管理有限公司
QYFWS-00568,V00000428,生活·读书·新知三联书店有限公司
QYFWS-02676,V00000077,联合读创（北京）文化传媒有限公司
QYFWS-00468,V00000365,新经典文化股份有限公司
QYFWS-02027,P00002654,冯雪（海南）健康科技有限公司
QYFWS-00219,V00000499,北京大学出版社有限公司
QYFWS-00739,P00001849,上海古籍出版社有限公司
QYFWS-01738,P00002097,中国地图出版社有限公司
QYFWS-00007,V00000384,上海交通大学出版社有限公司
QYFWS-00463,V00000426,新星出版社有限责任公司
QYFWS-01635,P00002411,中共中央党校出版社
QYFWS-02408,P00002069,凤凰汉竹图书（北京）有限公司
QYFWS-00080,P00001839,上海鹳犀文化传媒工作室
QYFWS-02224,P00002962,北京飞书科技有限公司
QYFWS-03631,P00001893,伽马射线营销咨询（北京）有限公司
QYFWS-01099,P00002379,北京出版集团有限责任公司
QYFWS-01608,P00001973,重庆非书文化传播有限公司
QYFWS-00112,V00000165,人民东方出版传媒有限公司
QYFWS-00574,P00001791,睿念网络科技（上海）有限公司
QYFWS-00171,P00001860,北京元知管理咨询有限公司
QYFWS-00356,V00000440,北京阳光博客文化艺术有限公司
QYFWS-02912,P00002921,北京绿色交易所有限公司
QYFWS-01539,P00002387,北京汉唐之道图书发行有限公司
QYFWS-01235,P00002366,蓝色地图（北京）科技有限公司
QYFWS-00554,V00000489,清华大学出版社有限公司
QYFWS-00035,P00001959,上海我思教育科技有限公司
QYFWS-00479,V00000490,杭州一源数字文化传媒有限责任公司
QYFWS-01450,P00002417,上海播传企业管理咨询中心（有限合伙）
QYFWS-00509,V00000030,江苏译林出版社有限公司
QYFWS-00052,V00000143,上海浦睿文化传播有限公司
QYFWS-00709,P00001869,浙江出版集团数字传媒有限公司
QYFWS-02631,P00002885,北京真故传媒有限公司
QYFWS-00466,V00000405,新精英生涯（北京）教育科技有限公司
QYFWS-00438,V00000166,广西师范大学出版社集团有限公司
QYFWS-00318,V00000381,北京竹石文化传播有限公司
QYFWS-01331,P00002098,人民卫生电子音像出版社有限公司
QYFWS-02463,P00002999,播稻（上海）教育科技合伙企业（有限合伙）
QYFWS-00592,P00001871,营口鑫诚文化传播有限公司
QYFWS-02252,P00002748,北京颉腾文化传媒有限公司
QYFWS-00946,P00002760,上海璟珀教育科技中心
QYFWS-00008,P00001859,上海人民出版社有限责任公司
QYFWS-01762,P00002665,归艺影视文化（北京）有限公司
QYFWS-02779,P00002935,广州看世界传媒有限责任公司
QYFWS-02493,P00002924,海南润米企业管理合伙企业（有限合伙）
QYFWS-00475,P00001961,未来春藤教育科技（北京）有限公司
QYFWS-00419,P00001816,天津艾利可兴网络科技有限公司
QYFWS-01029,P00001899,企鹅兰登（北京）文化发展有限公司
QYFWS-03618,P00001962,北京小赛小可文化传播有限公司
QYFWS-00250,P00002898,北京思考力管理咨询有限公司
QYFWS-02695,P00001864,天津中作华文文化传播有限公司
QYFWS-02725,P00002919,《财经》北京联办财讯文化传媒有限公司
QYFWS-00406,P00001835,外语教学与研究出版社有限责任公司
QYFWS-01305,P00001867,文化发展出版社有限公司
QYFWS-01586,P00002420,重庆熊多纳文化创意策划工作室
QYFWS-03462,P00002996,上海敦仁文化工作室
QYFWS-00186,V00000175,北京华夏盛轩图书有限公司
QYFWS-00260,V00000543,北京斯坦威图书有限责任公司
QYFWS-00603,P00001850,读客文化股份有限公司
QYFWS-00397,V00000320,后浪出版咨询（北京）有限责任公司
QYFWS-01737,P00002570,湖北长江传媒数字出版有限公司
QYFWS-03827,P00002194,广东科技出版社有限公司
QYFWS-03825,P00001924,上海教育出版社有限公司
QYFWS-03357,P00001880,北京边界信息科技有限公司
QYFWS-02975,P00002957,北京财讯正兴文化传媒有限公司
QYFWS-00162,V00000432,北京人大数字科技有限公司
QYFWS-02603,P00001848,化学工业出版社有限公司
QYFWS-01392,V00000513,北京变量思维科技文化有限公司
QYFWS-00887,P00002157,深圳市第七天堂科技有限公司
QYFWS-00715,V00000020,北京世纪文景文化传播有限责任公司
QYFWS-00085,V00000380,中信联合云科技有限责任公司
QYFWS-01530,P00002386,六人行（天津）文化传媒有限公司
QYFWS-03816,V00000508,天津爱悦读科技有限公司
QYFWS-01366,P00002416,盐城仁本信息服务中心
QYFWS-02772,P00002936,环球人物新媒体文化传媒（北京）有限责任公司
QYFWS-00706,P00001861,北京时代华语国际传媒股份有限公司
QYFWS-01282,P00002245,百花文艺出版社（天津）有限公司
QYFWS-00218,P00002574,北京大好山河文化传播有限公司
QYFWS-00985,P00001856,中国图书进出口（集团）有限公司
QYFWS-00646,P00001862,北京图灵文化发展有限公司
QYFWS-01354,P00002243,浙江文艺出版社有限公司
QYFWS-00402,V00000420,国文润华文化传媒（北京）有限责任公司
QYFWS-03651,V00000545,初岸未名文化传媒（北京）有限公司
QYFWS-00589,P00001870,航一（北京）文化传媒有限公司
QYFWS-03123,P00002973,九州出版社有限公司
QYFWS-00798,V00000124,电子工业出版社有限公司
QYFWS-00688,V00000494,酷得少年（天津）文化传播有限公司
QYFWS-01071,P00002074,北京新曲线出版咨询有限公司
QYFWS-00890,P00001876,中国青年出版总社有限公司
QYFWS-03480,P00003036,北京科信印刷有限公司
QYFWS-00557,P00001807,湖南科学技术出版社有限责任公司
QYFWS-00364,P00001970,北京音乐之友文化科技有限公司
QYFWS-03163,P00002975,北京湛庐文化传播有限公司
QYFWS-02143,P00002198,人民出版社
QYFWS-00494,P00002914,果麦文化传媒股份有限公司
QYFWS-00698,P00001964,上海朱黛管理咨询工作室
QYFWS-01634,P00002410,天津名田文化传媒有限公司
QYFWS-03323,P00002732,河北易优化网络科技有限公司
QYFWS-00143,P00001834,北京中联百文文化传媒有限公司
QYFWS-02253,P00002758,华为技术有限公司
QYFWS-03646,V00000468,北京红点智慧文化发展有限公司
QYFWS-00858,P00002160,天津完美世界通识教育科技有限公司
QYFWS-00495,V00000112,果麦文化传媒股份有限公司上海分公司
QYFWS-01229,P00001879,腾讯科技（深圳）有限公司
QYFWS-01405,P00001932,爱道思（北京）文化发展有限公司
QYFWS-02461,P00002874,徐州沐艺文化工作室
QYFWS-00579,P00001858,福建鹭江出版社有限责任公司
QYFWS-00114,V00000067,人民邮电出版社有限公司
QYFWS-02138,P00002730,北京瑞禾文化传播有限公司
QYFWS-02041,P00002651,沈阳出版社有限公司
QYFWS-02080,P00002945,上海数逸商务咨询中心
QYFWS-00084,P00002050,中信出版集团股份有限公司
QYFWS-00148,P00001841,北京丰玮咨询有限公司
QYFWS-00910,V00000367,北京华章同人文化传播有限公司
QYFWS-03790,P00001889,北京灵动生活科技有限公司
QYFWS-00126,P00001950,创新地图（北京）文化传播有限责任公司天津分公司
QYFWS-03795,P00001878,上海世纪出版股份有限公司
QYFWS-03524,V00000391,湖南文艺出版社有限责任公司
QYFWS-02612,P00002923,上海酽语信息咨询中心
QYFWS-00626,V00000496,青岛出版社有限公司
QYFWS-02535,V00000515,广东经济出版社有限公司
QYFWS-00471,P00001799,时间知道（北京）文化科技有限公司
QYFWS-00305,V00000390,北京理想国时代文化有限责任公司
QYFWS-00283,V00000423,北京果壳互动科技传媒有限公司
QYFWS-03393,P00003010,江苏凤凰出版社有限公司
QYFWS-00490,V00000387,杭州蓝狮子文化创意股份有限公司
QYFWS-02175,P00002729,海南出版社有限公司
QYFWS-02724,P00002922,沭阳县彩筠之南文化创意中心
QYFWS-00585,V00000033,联合天际（北京）文化传媒有限公司
QYFWS-03338,P00003014,青岛中石云创信息技术有限公司
QYFWS-01398,P00002370,北京小天下时代文化有限责任公司
QYFWS-02737,P00002934,广州南风窗传媒有限公司
QYFWS-02155,P00002726,生活书店出版有限公司
QYFWS-00774,P00001852,广西师范大学出版社（上海）有限公司
QYFWS-03065,P00002967,上海音乐出版社有限公司
QYFWS-02580,P00002870,北京微言文化传媒有限公司
QYFWS-00113,V00000374,人民文学出版社有限公司
QYFWS-01010,V00000448,北京紫云文心图书有限公司
QYFWS-02719,P00002916,北京玖壹合创文化有限责任公司
QYFWS-00382,V00000415,华夏出版社有限公司
QYFWS-03378,P00003011,中国科学技术出版社有限公司
QYFWS-00437,P00001886,广州益策教育咨询有限公司
QYFWS-00921,V00000505,浙江大学出版社有限责任公司
QYFWS-03630,V00000371,北京东西时代数字科技有限公司
QYFWS-01397,P00002247,上海辞书出版社有限公司
QYFWS-03045,P00002987,中信建投证券股份有限公司
QYFWS-02162,P00001923,上海科技教育出版社有限公司
QYFWS-00187,V00000048,北京华章图文信息有限公司
QYFWS-00399,V00000129,商务印书馆有限公司
QYFWS-01877,P00002761,重庆古灵精怪商务信息咨询服务工作室
QYFWS-01597,P00002405,深圳贝贝特文化传媒有限公司
QYFWS-02130,P00002727,《轻兵器》杂志社有限公司
QYFWS-01281,V00000485,中国国际广播出版社有限公司
QYFWS-00005,P00001875,上海九久读书人文化实业有限公司
QYFWS-03152,P00001947,上海黄豆网络科技有限公司
QYFWS-01633,P00002830,集智学园（北京）科技有限公司
QYFWS-00702,V00000389,北京凤凰联动图书发行有限公司
QYFWS-01441,P00002349,青豆书坊（北京）文化发展有限公司
QYFWS-03922,P00002092,漓江出版社有限公司
QYFWS-00315,V00000366,北京磨铁数盟信息技术有限公司
QYFWS-03126,P00002998,上海远川文化传播有限公司
QYFWS-00725,P00001938,上海湃动文化传播有限公司
QYFWS-02443,P00002808,北京轻阅时光文化传媒有限公司
QYFWS-02807,P00002963,北京智纲汇文化传播有限公司
QYFWS-02638,P00002894,北京爱智达人教育科技有限公司
QYFWS-00407,V00000516,大象出版社有限公司
QYFWS-01919,P00001877,上海世纪出版股份有限公司格致出版社
QYFWS-02528,P00002855,南通洋火文化传媒有限公司
QYFWS-00476,P00001898,未读（天津）文化传媒有限公司
QYFWS-00964,P00001939,江苏凤凰文艺出版社有限公司
QYFWS-00410,V00000456,天津华文天下图书有限公司
QYFWS-01407,P00001851,上海雅众文化传播有限公司
QYFWS-00914,P00001978,北京联合天畅文化传播有限公司
QYFWS-00576,P00001872,社会科学文献出版社
QYFWS-00761,P00001910,北京万千新文化传媒有限公司
QYFWS-00956,P00001865,壹页网络科技有限公司
QYFWS-02789,P00002946,北京传影科技有限公司
QYFWS-00340,P00002086,北京蓝晶微生物科技有限公司
QYFWS-01951,P00002997,广州腾讯科技有限公司
QYFWS-02345,P00002897,青云谱区衡量管理咨询中心
QYFWS-01216,P00002210,北京博瑞森管理咨询有限公司
QYFWS-01014,P00002360,好奇鱼（北京）科技有限公司
QYFWS-01279,P00002066,北京北森云计算股份有限公司
QYFWS-01604,P00002406,世界图书出版有限公司北京分公司
QYFWS-03362,P00003012,北京吉象财经科技有限公司
QYFWS-00421,V00000484,天津阅微文化传媒有限公司
QYFWS-03451,P00003023,重庆电脑报经营有限责任公司
QYFWS-00381,V00000377,华东师范大学出版社有限公司
QYFWS-02059,P00002657,北京德泉科创科技有限公司
QYFWS-00478,V00000372,机械工业出版社
QYFWS-00125,P00001972,创新地图（北京）文化传播有限责任公司
QYFWS-00441,V00000378,当代中国出版社
QYFWS-00909,P00001845,中国法制出版社有限公司
QYFWS-01132,P00001853,江苏人民出版社有限公司
QYFWS-00791,P00002065,北京全屏本是文化传媒有限公司
QYFWS-01070,P00001847,中国政法大学出版社有限责任公司
QYFWS-01174,P00002578,北京天猕科技有限公司
QYFWS-01471,P00002419,上海斐乐影像工作室
QYFWS-00961,P00001911,北京南粤九合文化传媒有限公司
QYFWS-00651,P00001949,北京砥砺锋芒文化传播有限公司
QYFWS-01077,V00000463,北京博采雅集文化传媒有限公司
QYFWS-02598,P00002944,上海南凡商务咨询中心
QYFWS-00753,V10000004,得到（天津）文化传播有限公司
QYFWS-01451,P00002784,泰安哇卡波健康科技服务有限公司
QYFWS-00147,V00000382,北京中青文文化传媒有限公司
QYFWS-03267,V00000488,中文在线数字出版集团股份有限公司
QYFWS-02471,P00001881,华兴泛亚投资顾问（北京）有限公司
QYFWS-00322,P00001819,北京紫图图书有限公司
QYFWS-02717,P00002918,深圳市中资海派文化传播有限公司
QYFWS-00170,P00001948,北京伯凡时间文化传媒有限公司
QYFWS-00965,V00000445,东方出版中心有限公司
QYFWS-04853,P00001857,北京美迪亚电子信息有限公司
QYFWS-00120,P00002377,传世活字（北京）文化有限公司
QYFWS-01918,P00002655,上海问得好信息咨询服务中心
QYFWS-01347,P00002364,中国画报出版社有限责任公司
QYFWS-01558,P00002400,北京好奇文化科技有限公司
QYFWS-02048,P00002652,北京白马时光网络科技有限公司
QYFWS-01499,P00002380,北京紫云千阅文化有限公司
QYFWS-03180,P00002976,北京读者天元文化传播有限公司
QYFWS-00862,P00002902,中国共产党北京大学深圳医院委员会
QYFWS-02715,P00002925,盛唐中融保险经纪（深圳）有限公司北京分公司
QYFWS-02735,P00002929,广联达科技股份有限公司广州分公司工会委员会
QYFWS-02774,P00002931,上海志合广告有限公司
QYFWS-02752,P00002932,北京七鑫易维信息技术有限公司
QYFWS-00811,P00002353,贵州西西弗文化传播有限公司
QYFWS-00850,P00002354,重庆西西弗文化传播有限公司
QYFWS-00830,P00002355,山东布克图书有限公司
QYFWS-00826,P00002356,上海悦悦图书有限公司
QYFWS-01337,P00002357,四川省天平法律图书有限公司
QYFWS-02675,P00002959,深圳书城中心城实业有限公司
QYFWS-03477,P00003030,上海仙蒂网络科技有限公司
QYFWS-02550,P00003040,招商银行股份有限公司苏州分行
QYFWS-01408,P00003041,中国平安财产保险股份有限公司
QYFWS-04843,P00001782,上海易尚至美品牌管理有限公司
QYFWS-04844,P00001785,北京不然质品家居设计有限公司
QYFWS-04842,P00001787,北京谷雨启萌教育科技有限公司
QYFWS-00486,P00001798,杭州杜莫贸易有限公司
QYFWS-04848,P00001801,珠海市雅信达科技有限公司
QYFWS-00057,P00001802,上海烽传企业管理咨询有限公司
QYFWS-01625,P00001806,杭州西泠文化创意有限公司
QYFWS-00442,P00001810,徐州仁本企业管理咨询服务中心
QYFWS-00095,P00001811,中国教育图书进出口有限公司
QYFWS-00044,P00001817,上海极装商贸有限公司
QYFWS-00772,P00001821,花无邪信息科技（上海）有限责任公司
QYFWS-04852,P00001827,深圳市蝙蝠兔教育科技有限公司
QYFWS-04894,P00001828,重庆下酒菜电子商务有限公司
QYFWS-04672,P00001829,金华米马贸易有限公司
QYFWS-04851,P00001831,北京红迷会品牌管理有限责任公司
QYFWS-00521,P00001833,深圳佳惠兴通数码科技有限公司
QYFWS-00354,P00001840,北京锐创羲和文化传播有限公司
QYFWS-00089,P00001842,中南博集天卷文化传媒有限公司
QYFWS-01615,P00001902,一斐（上海）科技有限公司
QYFWS-00059,P00001904,上海珺雷文化传播有限公司
QYFWS-01018,P00001914,宁波梅山保税港区小礼单商贸有限公司
QYFWS-00636,P00001917,北京京硕教育图书文化有限公司
QYFWS-04854,P00001927,深圳大动静科技有限公司
QYFWS-00708,P00001971,广州云门信息科技有限公司
QYFWS-01080,P00001975,北京亦茶亦画文化传播有限公司
QYFWS-00716,P00001984,广州文石信息科技有限公司
QYFWS-01422,P00001986,未行（上海）商贸有限公司
QYFWS-01043,P00001987,缇柰（上海）餐饮管理有限公司
QYFWS-00538,P00001989,深圳市肯博思特网络科技有限公司
QYFWS-02016,P00001990,咸熹丰利（上海）科技有限公司
QYFWS-01103,P00002013,上海途加箱包商贸有限公司
QYFWS-01549,P00002059,北京新绎爱特艺术发展有限公司
QYFWS-01521,P00002060,广州至味国际贸易有限公司
QYFWS-04855,P00002062,仙桂食品（北京）有限公司
QYFWS-00754,P00002067,漳州开发区孤月魅影信息技术服务工作室
QYFWS-00792,P00002076,成都市五号商务信息咨询有限责任公司
QYFWS-00481,P00002078,杭州典时企业管理工作室
QYFWS-00712,P00002082,美丽心灵的永恒阳光（北京）教育科技有限公司
QYFWS-01272,P00002095,深圳大事件科技有限公司
QYFWS-01520,P00002096,北京森喵文化传媒有限公司
QYFWS-00800,P00002101,北京洛可可科技有限公司
QYFWS-00748,P00002104,上海萨年商务咨询中心
QYFWS-02081,P00002105,重庆溱洧涣涣文化传播工作室
QYFWS-00929,P00002107,北京盛通印刷股份有限公司
QYFWS-00784,P00002109,上海捷鸿企业管理中心
QYFWS-01074,P00002113,梯梯恩（上海）教育科技有限公司
QYFWS-00900,P00002122,中译出版社有限公司
QYFWS-01464,P00002162,清华大学
QYFWS-00920,P00002163,北京单立人文化传媒有限公司
QYFWS-00620,P00002164,阿仁（上海）信息科技有限公司
QYFWS-01033,P00002178,上海数经商务咨询事务所
QYFWS-00962,P00002179,厦门向天歌教育科技有限公司
QYFWS-00011,P00002189,上海优鸣教育科技中心
QYFWS-01115,P00002190,北京印象笔记科技有限公司
QYFWS-00607,P00002199,财新传媒有限公司
QYFWS-01177,P00002205,极客邦控股（北京）有限公司
QYFWS-01244,P00002218,明天出版社有限公司
QYFWS-01249,P00002223,瑞幸咖啡（中国）有限公司
QYFWS-01336,P00002233,眉州东坡餐饮管理（北京）有限公司
QYFWS-00787,P00002235,上海润米管理咨询有限公司
QYFWS-01478,P00002236,上海黑红梅方教育科技中心
QYFWS-01357,P00002239,丽水市千禧工艺品有限公司
QYFWS-01432,P00002362,深圳市邦克仕科技有限公司
QYFWS-00109,P00002372,京印彩（北京）纸制品有限公司
QYFWS-01409,P00002389,北京文韵阁文化有限公司
QYFWS-01541,P00002390,宁波瑞之缘食品有限公司
QYFWS-00306,P00002392,北京瑞佳意文化发展有限公司
QYFWS-01602,P00002407,深圳开物生活有限公司
QYFWS-01614,P00002408,凯联企业管理咨询（深圳）有限公司
QYFWS-01644,P00002422,七次方家用电器（上海）有限公司
QYFWS-01641,P00002423,深圳市绿联科技股份有限公司
QYFWS-01661,P00002424,北京市海天舜日印刷有限公司
QYFWS-01658,P00002425,珠海慧作电子商务有限公司
QYFWS-01642,P00002426,北京华联印刷有限公司
QYFWS-02091,P00002720,深圳市形格工业设计有限公司
QYFWS-02090,P00002721,深圳市乐沐营销顾问有限公司
QYFWS-02058,P00002722,北京花时文化发展有限公司
QYFWS-02120,P00002724,广州市森荣手袋智造有限责任公司
QYFWS-02141,P00002725,东莞市精诚制罐有限公司
QYFWS-02247,P00002755,超群食品（武汉）有限公司
QYFWS-02311,P00002762,深圳市蓝铃时代电子科技有限公司
QYFWS-02400,P00002798,厦门创艺社科技有限公司
QYFWS-02398,P00002799,北京京城利德印刷技术有限公司
QYFWS-02369,P00002852,上海珂榕网络科技有限公司
QYFWS-02591,P00002882,北京南礼轩科技发展有限公司
QYFWS-00575,P00002887,知乎者也文化传媒（北京）有限公司
QYFWS-02370,P00002888,上海墨案智能科技有限公司
QYFWS-02576,P00002889,上海竺轩文化艺术有限公司
QYFWS-02541,P00002890,宁波广博文具商贸有限公司
QYFWS-02602,P00002905,上海暖友实业有限公司
QYFWS-02816,P00002960,深圳佳品生活用品有限公司
QYFWS-03197,P00002964,深圳市元景工艺品有限公司
QYFWS-03158,P00002978,北京嘉腾恒业科技发展有限公司
QYFWS-00601,P00002984,诺梵（上海）系统科技股份有限公司
QYFWS-02623,P00002989,深圳市鑫浩通科技有限公司
QYFWS-02965,P00002990,廊坊唐狼科技有限公司
QYFWS-03114,P00003000,惠州润东工艺品有限公司
QYFWS-03275,P00003001,东莞市润东玩具有限公司
QYFWS-02818,P00003031,厦门厦先森商贸有限公司
QYFWS-00657,V00000044,天津湛庐图书有限公司
QYFWS-00107,V00000350,浙江觅匠商贸有限公司
QYFWS-00245,V00000355,北京德恒纸制品有限公司
QYFWS-00038,V00000509,上海文房具社品牌管理有限公司
QYFWS-01075,V00000542,景德镇同造贸易有限公司
QYFWS-02660,P00002899,上海康特瓦设计咨询有限公司
QYFWS-00628,P00002940,非迪莎（北京）网络科技有限公司
QYFWS-00310,V00000400,北京真知卓见文化传播有限公司
QYFWS-01522,V00000039,北京单向街文化有限公司
QYFWS-00561,V00000214,爱贝睿（北京）科技有限公司
QYFWS-00289,V00000538,北京正道行通信息咨询有限公司
QYFWS-02056,V00000424,北京万圣书园图书有限责任公司
QYFWS-00547,V00000364,深圳新生教育科技有限公司
QYFWS-00150,V00000535,北京乐橙文化发展有限公司
QYFWS-02435,P00002974,百度在线网络技术（北京）有限公司
QYFWS-00175,V00000528,北京典雅静界文化发展有限公司
QYFWS-00443,V00000454,心智汇文化传播东台中心（有限合伙）
QYFWS-00604,V00000149,读库文化交流（北京）有限公司
QYFWS-00009,V00000478,上海亿色化妆品有限公司
QYFWS-00684,V10000003,思维无界（天津）信息科技有限公司
QYFWS-00151,V00000450,北京九斗数据服务有限公司
QYFWS-02755,P00002958,抚州市临川区仁本信息服务中心
QYFWS-00584,V00000358,美貌大王（北京）文化传媒有限公司
QYFWS-00390,V00000491,厦门湛天网络科技有限公司
QYFWS-03641,V00000408,锤子科技（北京）股份有限公司
QYFWS-01424,P00002653,上海实宪生物医药科技中心
QYFWS-00546,V00000437,深圳很特别文化传媒有限公司
QYFWS-00338,V00000455,北京英普文化传媒有限公司
QYFWS-00036,V00000404,上海擅择教育科技有限公司
QYFWS-00129,P00001897,北京一度飞行科技有限公司
QYFWS-00794,P00002361,北京京东世纪贸易有限公司
QYFWS-01502,P00002363,北京当当网信息技术有限公司
QYFWS-01504,P00001783,上海笔尔工业设计有限公司
QYFWS-04858,P00001800,上海微诗家居产品设计中心
QYFWS-04847,P00001803,未羽设计咨询（上海）有限公司
QYFWS-00274,P00001818,北京智诚佳文化发展有限公司
QYFWS-00072,P00001931,上海袁坚博士文化传播工作室
QYFWS-00473,P00001934,普美商务咨询（上海）有限公司
QYFWS-00240,P00002073,北京希希儿童关爱中心
QYFWS-00321,P00002085,北京紫云绕旌文化传媒有限公司
QYFWS-00051,P00002111,上海泮英堂文化传媒工作室
QYFWS-00690,P00002248,北京得到信息科技有限公司
QYFWS-01636,P00002412,中山市华艺灯饰照明股份有限公司
QYFWS-04801,V00000010,北京黄叶村文化艺术传播有限责任公司
QYFWS-04772,V00000013,上海学怡商贸有限公司
QYFWS-04659,V00000015,正谷（北京）农业发展有限公司
QYFWS-00855,V00000019,上海润米科技有限公司
QYFWS-03700,V00000026,上海世纪出版股份有限公司译文出版社
QYFWS-03721,V00000027,惠州市亿豪动漫科技有限公司
QYFWS-01102,V00000028,上海沙涓时装科技有限公司
QYFWS-00282,V00000029,北京木晷文化传媒有限公司
QYFWS-00467,V00000031,新经典发行有限公司
QYFWS-00341,V00000034,北京觅匠商贸有限公司
QYFWS-04799,V00000038,宁波保税区海品猫国际贸易有限公司
QYFWS-04765,V00000043,福建艺外电子商务有限公司
QYFWS-03867,V00000045,北京景致空间商贸有限公司
QYFWS-00545,V00000046,深圳当纳利印刷有限公司
QYFWS-04788,V00000047,杭州范画科技有限公司
QYFWS-04709,V00000050,北京穷游天下科技发展有限公司
QYFWS-04790,V00000054,飞比特（宁波）国际贸易有限公司
QYFWS-04735,V00000058,深圳市芭尚贸易有限公司
QYFWS-00061,V00000059,上海知行明德投资管理顾问有限公司
QYFWS-01555,V00000061,厦门骏睿贸易有限公司
QYFWS-02226,V00000066,深圳市云动创想科技有限公司
QYFWS-03234,V00000068,北京联合出版有限责任公司
QYFWS-00880,V00000072,北京麦极创意科技有限公司
QYFWS-00265,V00000073,北京日新康百科贸有限公司
QYFWS-04798,V00000081,厦门市阿吉仔食品有限公司
QYFWS-00469,V00000085,新蕾（天津）文化传播有限公司
QYFWS-04696,V00000087,北京凯声文化传媒有限责任公司
QYFWS-00184,V00000089,北京千字文华文化传媒有限公司
QYFWS-04785,V00000090,北京壹木良品贸易有限公司
QYFWS-00360,V00000094,北京雅昌艺术图书有限公司
QYFWS-00293,V00000098,北京海棠季文化发展有限公司
QYFWS-04737,V00000103,广州美禅贸易有限公司
QYFWS-03860,V00000105,北京慢半拍文化有限公司
QYFWS-04802,V00000113,杭州母语文化艺术策划有限公司
QYFWS-04705,V00000115,深圳开物木创科技有限公司
QYFWS-04748,V00000117,北京奥格斯商贸有限公司
QYFWS-00226,V00000119,北京奇良海德印刷股份有限公司
QYFWS-03703,V00000121,北京禹田翰风图书有限责任公司
QYFWS-04773,V00000137,北京炫彩奇迹文化传媒有限公司
QYFWS-00006,V00000140,上海乾煜商贸有限公司
QYFWS-00047,V00000141,上海毕然文化传播有限公司
QYFWS-03701,V00000147,广州市耳文广告有限责任公司
QYFWS-04610,V00000148,五常市米大叔水稻种植专业合作社
QYFWS-00597,V00000151,西泠印社集团有限公司
QYFWS-02305,V00000152,深圳市洛斐客文化有限公司
QYFWS-04780,V00000158,深圳市意外产品设计有限公司
QYFWS-01655,V00000159,上海丰收蟹庄食品有限公司
QYFWS-00178,V00000160,北京几件事文化有限责任公司
QYFWS-00967,V00000162,上海意索文化用品有限公司
QYFWS-03706,V00000164,中图社（北京）图书发行有限责任公司
QYFWS-03866,V00000167,上海文房具社商贸有限公司
QYFWS-00001,V00000171,北京一撕得物流技术有限公司
QYFWS-04663,V00000173,深圳市乐泡创新科技有限公司
QYFWS-04796,V00000174,北京酷琪屋商贸有限公司
QYFWS-04704,V00000182,深圳市飞形物贸易有限公司
QYFWS-03628,V00000187,广州市益策教育科技有限公司
QYFWS-04750,V00000191,广州哲品家居用品有限公司
QYFWS-04793,V00000202,北京三采数码科技有限公司
QYFWS-00254,V00000235,北京悦世界电子商务有限公司
QYFWS-00039,V00000267,上海文采实业有限公司
QYFWS-03606,V00000312,北京蜀川新华书店图书发行有限责任公司
QYFWS-00518,V00000321,海豚出版社有限责任公司
QYFWS-03898,V00000322,北京觅匠文化传播有限公司
QYFWS-00805,V00000328,深圳市航世科技有限公司
QYFWS-03707,V00000329,西安睿川动漫文化传播有限公司
QYFWS-03864,V00000330,苍南县宜云纺织有限公司
QYFWS-01121,V00000331,杭州龙冠实业有限公司
QYFWS-04805,V00000334,深圳市恒立信电子商务有限公司
QYFWS-04810,V00000338,上海全欧贸易有限公司
QYFWS-03863,V00000348,东莞市桥头宏景玩具制品厂
QYFWS-00513,V00000353,浙江卓木王红木家俱有限公司
QYFWS-04811,V00000354,上海度士实业发展有限公司
QYFWS-00599,V00000356,诚贽文化（北京）有限公司
QYFWS-00411,V00000393,天津博集新媒科技有限公司
QYFWS-00591,V00000396,荣信教育文化产业发展股份有限公司
QYFWS-03607,V00000397,京版北美（北京）文化艺术传媒有限公司
QYFWS-02917,V00000402,长江商学院
QYFWS-01016,V00000403,深圳山田土文化传播有限公司
QYFWS-00041,V00000406,上海晓而慧商务咨询中心
QYFWS-00594,V00000407,衡准宝声（北京）贸易发展有限公司
QYFWS-00540,V00000409,深圳市英伦泰通日用品有限公司
QYFWS-03805,V00000411,天津王峥文化交流工作室
QYFWS-00075,V00000414,上海读客数字信息技术有限公司
QYFWS-04828,V00000417,深圳麦塔奇人体工学科技有限公司
QYFWS-04817,V00000425,创智未来教育科技（北京）有限公司
QYFWS-04819,V00000427,北京章鱼爱学教育科技有限公司
QYFWS-04816,V00000435,杭州随能电子科技有限公司
QYFWS-04818,V00000439,杭州吻吻鱼科技有限公司
QYFWS-04822,V00000442,深圳壹秘科技有限公司
QYFWS-04825,V00000443,威峙洋酒贸易（上海）有限公司
QYFWS-04820,V00000444,北京文逸风文化传播有限公司
QYFWS-04821,V00000446,三胖蛋（北京）国际贸易有限公司
QYFWS-00387,V00000451,历峰贸易（上海）有限公司
QYFWS-00430,V00000452,小米通讯技术有限公司
QYFWS-04823,V00000453,上海航融贸易有限公司
QYFWS-01050,V00000457,美食发现食品科技（北京）有限公司
QYFWS-04826,V00000458,青岛山海惊奇电子商务有限公司
QYFWS-00288,V00000464,北京楚尘文化传媒有限公司
QYFWS-04827,V00000466,深圳是时创意设计有限公司
QYFWS-00989,V00000469,云南菜头农业科技有限公司
QYFWS-00963,V00000470,北京悦婷电子商务有限公司
QYFWS-04829,V00000471,上海衣本电子商务有限公司
QYFWS-04812,V00000480,安克创新科技股份有限公司
QYFWS-00558,V00000492,湖南美术出版社有限责任公司
QYFWS-00031,V00000498,上海应吾文化传媒工作室
QYFWS-04831,V00000506,上海坤珍信息科技有限公司
QYFWS-00535,V00000507,深圳市意外家居用品有限公司
QYFWS-00388,V00000511,厦门乐范健康科技有限公司
QYFWS-04834,V00000514,广州盛盈环保科技有限公司
QYFWS-00580,V00000517,童趣出版有限公司
QYFWS-04833,V00000520,北京小魔怪科技有限公司
QYFWS-04835,V00000521,上海赢敬电子科技有限公司
QYFWS-00357,V00000522,北京阳光秀美图书有限责任公司
QYFWS-00595,V00000532,西安乐乐趣文化传播有限公司
QYFWS-01656,V00000537,深圳市风格派家居用品有限公司
QYFWS-04836,V00000539,北京孩子气教育科技有限公司
QYFWS-00014,V00000540,上海共胖文化创意有限公司
QYFWS-04850,V00000549,宁波凯声商贸有限责任公司
QYFWS-04839,V00000551,北京生活饰集商贸有限责任公司
QYFWS-04837,V00000552,北京太火红鸟科技有限公司
QYFWS-04841,V00000553,杭州好物科技有限公司
QYFWS-04838,V00000556,上海喜领文化传播有限公司
QYFWS-04840,V00000557,北京泽盖文化传媒有限公司
QYFWS-00253,V00000559,北京恒利至诚纸制品有限公司
QYFWS-02850,P00002953,婚姻与家庭杂志社
QYFWS-03810,V00000345,北京毫米科技有限公司
QYFWS-04807,V00000215,广州穗满动漫科技有限公司
QYFWS-04808,V00000216,上海醇柒企业管理有限公司
QYFWS-04806,V00000217,彼乐智慧科技（北京）有限公司
QYFWS-00452,V00000218,成都超有爱科技有限公司
QYFWS-03862,V00000296,北京故宫文化传播有限公司
QYFWS-01226,P00002224,北京科学技术出版社有限公司
QYFWS-03533,V00000051,故宫出版社有限公司
QYFWS-01365,P00002212,华中科技大学出版社有限责任公司
QYFWS-03699,V00000092,北京燕大元照教育科技有限公司
QYFWS-00459,P00002214,接力出版社有限公司
QYFWS-04794,V00000189,广州青白艺术品发展有限公司
QYFWS-03806,V00000386,四川天地出版社有限公司
QYFWS-04814,V00000419,成都极米科技股份有限公司
QYFWS-04830,V00000473,北京为艺教育科技有限公司
QYFWS-00991,P00002207,中国传媒大学出版社有限责任公司
QYFWS-01217,P00002221,上海文艺出版社有限公司
QYFWS-03658,P00002090,哈尔滨工业大学出版社有限公司
QYFWS-01252,P00002229,四川数字出版传媒有限公司
QYFWS-01009,P00002070,北京师范大学出版社（集团）有限公司
QYFWS-01317,P00001991,北京领读文化传媒有限责任公司
QYFWS-03828,P00002191,天津出版传媒集团有限公司
QYFWS-01606,P00002087,北京源创一品文化传播有限公司
QYFWS-00829,P00001992,重庆出版集团图书发行有限公司
QYFWS-00922,P00002180,读乎（北京）文化传媒有限公司
QYFWS-00828,P00002103,中国广播影视出版社有限公司
QYFWS-01274,P00002230,未来之音（北京）科技有限公司
QYFWS-00801,P00002156,辽宁无限穿越新媒体有限公司
QYFWS-01215,P00002211,希望出版社有限公司
QYFWS-01203,P00002215,南京大学出版社有限公司
QYFWS-01339,P00002241,杭州漫阅文化创意有限公司
QYFWS-01234,P00002217,江西二十一世纪新媒体传播有限责任公司
QYFWS-01428,P00002048,北京知嘛文化传播有限公司
QYFWS-01355,P00002244,山东明天教育科技有限公司
QYFWS-01261,P00002227,上海第一财经传媒有限公司
QYFWS-01248,P00002222,中国经济出版社有限公司
QYFWS-01290,P00002106,北京凤凰壹力文化发展有限公司
QYFWS-01416,P00002063,纸间（北京）文化发展有限公司
QYFWS-00872,P00002057,广州市朗声图书有限公司
QYFWS-00903,P00002170,华文出版社有限公司
QYFWS-01026,P00002049,东方巴别塔（北京）文化传媒有限公司
QYFWS-01278,P00002197,成都西南交大出版社有限公司
QYFWS-00843,P00002161,北京阅览文化传播有限公司
QYFWS-01377,P00002240,北京新华先锋出版科技有限公司
QYFWS-00618,P00002155,长江文艺出版社有限公司
QYFWS-01255,P00002226,广东人民出版社有限公司
QYFWS-01335,P00002216,中国少年儿童新闻出版总社有限公司
QYFWS-00789,P00002188,乐游巴巴（北京）网络科技有限公司
QYFWS-02445,P00002168,河北冠林数字出版有限公司
QYFWS-01158,P00002208,北京知力科学文化传播有限公司
QYFWS-01187,P00002209,天天出版社有限责任公司
QYFWS-00891,P00002174,四川大学出版社有限责任公司
